id,Name,path,url
1517,Designers/,1/2/1517,/designers.html
1898,Designers/All Designers/,1/2/1517/1898,/designers/all-designers.html
1910,Designers/All Designers/10 Crosby Derek Lam/,1/2/1517/1898/1910,/designers/all-designers/10-crosby-derek-lam.html
2592,Designers/All Designers/10 Crosby Derek Lam/Clothing/,1/2/1517/1898/1910/2592,/designers/all-designers/10-crosby-derek-lam/clothing.html
2654,Designers/All Designers/10 Crosby Derek Lam/Handbags/,1/2/1517/1898/1910/2654,/designers/all-designers/10-crosby-derek-lam/handbags.html
1911,Designers/All Designers/12th Street By Cynthia Vincent/,1/2/1517/1898/1911,/designers/all-designers/12th-street-by-cynthia-vincent.html
1913,Designers/All Designers/360 Cashmere/,1/2/1517/1898/1913,/designers/all-designers/360-cashmere.html
1914,Designers/All Designers/360 Sweater/,1/2/1517/1898/1914,/designers/all-designers/360-sweater.html
1915,Designers/All Designers/3x1/,1/2/1517/1898/1915,/designers/all-designers/3x1.html
1909,Designers/All Designers/6397/,1/2/1517/1898/1909,/designers/all-designers/6397.html
1917,Designers/All Designers/A Piece Apart/,1/2/1517/1898/1917,/designers/all-designers/a-piece-apart.html
1919,Designers/All Designers/Ab A Brand Apart/,1/2/1517/1898/1919,/designers/all-designers/ab-a-brand-apart.html
2648,Designers/All Designers/Ab A Brand Apart/Handbags/,1/2/1517/1898/1919/2648,/designers/all-designers/ab-a-brand-apart/handbags.html
1921,Designers/All Designers/Ace & Jig/,1/2/1517/1898/1921,/designers/all-designers/ace-and-jig.html
1922,Designers/All Designers/Acne Studios/,1/2/1517/1898/1922,/designers/all-designers/acne-studios.html
2595,Designers/All Designers/Acne Studios/Clothing/,1/2/1517/1898/1922/2595,/designers/all-designers/acne-studios/clothing.html
2637,Designers/All Designers/Acne Studios/Shoes/,1/2/1517/1898/1922/2637,/designers/all-designers/acne-studios/shoes.html
1918,Designers/All Designers/A.L.C/,1/2/1517/1898/1918,/designers/all-designers/alc.html
2598,Designers/All Designers/A.L.C/Clothing/,1/2/1517/1898/1918/2598,/designers/all-designers/alc/clothing.html
1923,Designers/All Designers/Alexander Wang/,1/2/1517/1898/1923,/designers/all-designers/alexander-wang.html
2610,Designers/All Designers/Alexander Wang/Clothing/,1/2/1517/1898/1923/2610,/designers/all-designers/alexander-wang/clothing.html
2645,Designers/All Designers/Alexander Wang/Handbags/,1/2/1517/1898/1923/2645,/designers/all-designers/alexander-wang/handbags.html
2626,Designers/All Designers/Alexander Wang/Shoes/,1/2/1517/1898/1923/2626,/designers/all-designers/alexander-wang/shoes.html
1924,Designers/All Designers/Alexia/,1/2/1517/1898/1924,/designers/all-designers/alexia.html
1925,Designers/All Designers/Alexis Bittar/,1/2/1517/1898/1925,/designers/all-designers/alexis-bittar.html
1926,Designers/All Designers/American Colors/,1/2/1517/1898/1926,/designers/all-designers/american-colors.html
1927,Designers/All Designers/Ancient Greek Sandals/,1/2/1517/1898/1927,/designers/all-designers/ancient-greek-sandals.html
2629,Designers/All Designers/Ancient Greek Sandals/Shoes/,1/2/1517/1898/1927/2629,/designers/all-designers/ancient-greek-sandals/shoes.html
1930,Designers/All Designers/April 77/,1/2/1517/1898/1930,/designers/all-designers/april-77.html
1931,Designers/All Designers/Arielle De Pinto/,1/2/1517/1898/1931,/designers/all-designers/arielle-de-pinto.html
1920,Designers/All Designers/Atm/,1/2/1517/1898/1920,/designers/all-designers/atm.html
1934,Designers/All Designers/Attic And Barn/,1/2/1517/1898/1934,/designers/all-designers/attic-and-barn.html
1935,Designers/All Designers/Autumn Cashmere/,1/2/1517/1898/1935,/designers/all-designers/autumn-cashmere.html
2619,Designers/All Designers/Autumn Cashmere/Accessories/,1/2/1517/1898/1935/2619,/designers/all-designers/autumn-cashmere/accessories.html
1937,Designers/All Designers/Band Of Outsiders/,1/2/1517/1898/1937,/designers/all-designers/band-of-outsiders.html
1938,Designers/All Designers/Bella Jones/,1/2/1517/1898/1938,/designers/all-designers/bella-jones.html
1939,Designers/All Designers/Belle By Sigerson Morrison/,1/2/1517/1898/1939,/designers/all-designers/belle-by-sigerson-morrison.html
2640,Designers/All Designers/Belle By Sigerson Morrison/Shoes/,1/2/1517/1898/1939/2640,/designers/all-designers/belle-by-sigerson-morrison/shoes.html
1940,Designers/All Designers/Bill Levine/,1/2/1517/1898/1940,/designers/all-designers/bill-levine.html
1941,Designers/All Designers/Bing Bang /,1/2/1517/1898/1941,/designers/all-designers/bing-bang-.html
1942,Designers/All Designers/Blanca Monrós Gómez/,1/2/1517/1898/1942,/designers/all-designers/blanca-monros-gomez.html
1936,Designers/All Designers/Blk Opm/,1/2/1517/1898/1936,/designers/all-designers/blk-opm.html
1944,Designers/All Designers/Bluma Project/,1/2/1517/1898/1944,/designers/all-designers/bluma-project.html
1947,Designers/All Designers/Cacharel/,1/2/1517/1898/1947,/designers/all-designers/cacharel.html
1949,Designers/All Designers/Canada Goose/,1/2/1517/1898/1949,/designers/all-designers/canada-goose.html
2609,Designers/All Designers/Canada Goose/Clothing/,1/2/1517/1898/1949/2609,/designers/all-designers/canada-goose/clothing.html
1950,Designers/All Designers/Carven/,1/2/1517/1898/1950,/designers/all-designers/carven.html
2600,Designers/All Designers/Carven/Clothing/,1/2/1517/1898/1950/2600,/designers/all-designers/carven/clothing.html
1952,Designers/All Designers/Catbird/,1/2/1517/1898/1952,/designers/all-designers/catbird.html
1953,Designers/All Designers/Cats Tsumori Chisato/,1/2/1517/1898/1953,/designers/all-designers/cats-tsumori-chisato.html
1954,Designers/All Designers/Chan Luu/,1/2/1517/1898/1954,/designers/all-designers/chan-luu.html
1956,Designers/All Designers/Chelsea Flower/,1/2/1517/1898/1956,/designers/all-designers/chelsea-flower.html
1957,Designers/All Designers/Chinti And Parker/,1/2/1517/1898/1957,/designers/all-designers/chinti-and-parker.html
1958,Designers/All Designers/Christian Wijnants/,1/2/1517/1898/1958,/designers/all-designers/christian-wijnants.html
1959,Designers/All Designers/Cirque/,1/2/1517/1898/1959,/designers/all-designers/cirque.html
1960,Designers/All Designers/Citizens Of Humanity/,1/2/1517/1898/1960,/designers/all-designers/citizens-of-humanity.html
1961,Designers/All Designers/Clare V./,1/2/1517/1898/1961,/designers/all-designers/clare-v.html
2652,Designers/All Designers/Clare V./Handbags/,1/2/1517/1898/1961/2652,/designers/all-designers/clare-v/handbags.html
1962,Designers/All Designers/Clover Canyon/,1/2/1517/1898/1962,/designers/all-designers/clover-canyon.html
2589,Designers/All Designers/Clover Canyon/Clothing/,1/2/1517/1898/1962/2589,/designers/all-designers/clover-canyon/clothing.html
1965,Designers/All Designers/Comme Des Garcons/,1/2/1517/1898/1965,/designers/all-designers/comme-des-garcons.html
2661,Designers/All Designers/Comme Des Garcons/Handbags/,1/2/1517/1898/1965/2661,/designers/all-designers/comme-des-garcons/handbags.html
1967,Designers/All Designers/Cooper & Ella/,1/2/1517/1898/1967,/designers/all-designers/cooper-and-ella.html
1968,Designers/All Designers/Coralia Leets Design/,1/2/1517/1898/1968,/designers/all-designers/coralia-leets-design.html
1969,Designers/All Designers/Cotton Citizen/,1/2/1517/1898/1969,/designers/all-designers/cotton-citizen.html
1971,Designers/All Designers/Crezus/,1/2/1517/1898/1971,/designers/all-designers/crezus.html
1972,Designers/All Designers/Current/Elliott/,1/2/1517/1898/1972,/designers/all-designers/current/elliott.html
2581,Designers/All Designers/Current/Elliott/Clothing/,1/2/1517/1898/1972/2581,/designers/all-designers/current/elliott/clothing.html
1974,Designers/All Designers/Dagmar/,1/2/1517/1898/1974,/designers/all-designers/dagmar.html
1975,Designers/All Designers/Dana Rebecca Designs/,1/2/1517/1898/1975,/designers/all-designers/dana-rebecca-designs.html
1976,Designers/All Designers/Dannijo/,1/2/1517/1898/1976,/designers/all-designers/dannijo.html
1978,Designers/All Designers/Dayna Decker/,1/2/1517/1898/1978,/designers/all-designers/dayna-decker.html
1980,Designers/All Designers/Deepa Gurnani/,1/2/1517/1898/1980,/designers/all-designers/deepa-gurnani.html
2653,Designers/All Designers/Deepa Gurnani/Handbags/,1/2/1517/1898/1980/2653,/designers/all-designers/deepa-gurnani/handbags.html
1981,Designers/All Designers/Demitasse/,1/2/1517/1898/1981,/designers/all-designers/demitasse.html
1982,Designers/All Designers/Demy Lee/,1/2/1517/1898/1982,/designers/all-designers/demy-lee.html
1973,Designers/All Designers/Dkny For Opening Ceremony/,1/2/1517/1898/1973,/designers/all-designers/dkny-for-opening-ceremony.html
1985,Designers/All Designers/Edith A. Miller/,1/2/1517/1898/1985,/designers/all-designers/edith-a-miller.html
1987,Designers/All Designers/Elizabeth And James/,1/2/1517/1898/1987,/designers/all-designers/elizabeth-and-james.html
1986,Designers/All Designers/Elizabeth Cole/,1/2/1517/1898/1986,/designers/all-designers/elizabeth-cole.html
1989,Designers/All Designers/En Shalla/,1/2/1517/1898/1989,/designers/all-designers/en-shalla.html
1990,Designers/All Designers/Enza Costa/,1/2/1517/1898/1990,/designers/all-designers/enza-costa.html
2603,Designers/All Designers/Enza Costa/Clothing/,1/2/1517/1898/1990/2603,/designers/all-designers/enza-costa/clothing.html
1992,Designers/All Designers/Equipment /,1/2/1517/1898/1992,/designers/all-designers/equipment-.html
2242,Designers/All Designers/Étoile Isabel Marant /,1/2/1517/1898/2242,/designers/all-designers/etoile-isabel-marant-.html
2608,Designers/All Designers/Étoile Isabel Marant /Clothing/,1/2/1517/1898/2242/2608,/designers/all-designers/etoile-isabel-marant-/clothing.html
2641,Designers/All Designers/Étoile Isabel Marant /Shoes/,1/2/1517/1898/2242/2641,/designers/all-designers/etoile-isabel-marant-/shoes.html
1994,Designers/All Designers/Etten Eller/,1/2/1517/1898/1994,/designers/all-designers/etten-eller.html
1995,Designers/All Designers/Exquisite J/,1/2/1517/1898/1995,/designers/all-designers/exquisite-j.html
1997,Designers/All Designers/Falconiere/,1/2/1517/1898/1997,/designers/all-designers/falconiere.html
1998,Designers/All Designers/Faliero Sarti/,1/2/1517/1898/1998,/designers/all-designers/faliero-sarti.html
1999,Designers/All Designers/Fallon/,1/2/1517/1898/1999,/designers/all-designers/fallon.html
2001,Designers/All Designers/Figue/,1/2/1517/1898/2001,/designers/all-designers/figue.html
2002,Designers/All Designers/Fine Collection/,1/2/1517/1898/2002,/designers/all-designers/fine-collection.html
2004,Designers/All Designers/Franco Ferrari/,1/2/1517/1898/2004,/designers/all-designers/franco-ferrari.html
1996,Designers/All Designers/Fst/,1/2/1517/1898/1996,/designers/all-designers/fst.html
2620,Designers/All Designers/Fst/Accessories/,1/2/1517/1898/1996/2620,/designers/all-designers/fst/accessories.html
2006,Designers/All Designers/Fulvio Luparia/,1/2/1517/1898/2006,/designers/all-designers/fulvio-luparia.html
2007,Designers/All Designers/G1/,1/2/1517/1898/2007,/designers/all-designers/g1.html
2591,Designers/All Designers/G1/Clothing/,1/2/1517/1898/2007/2591,/designers/all-designers/g1/clothing.html
2008,Designers/All Designers/Garnish/,1/2/1517/1898/2008,/designers/all-designers/garnish.html
2011,Designers/All Designers/Giada Forte/,1/2/1517/1898/2011,/designers/all-designers/giada-forte.html
2579,Designers/All Designers/Giada Forte/Clothing/,1/2/1517/1898/2011/2579,/designers/all-designers/giada-forte/clothing.html
2012,Designers/All Designers/Giles & Brother/,1/2/1517/1898/2012,/designers/all-designers/giles-and-brother.html
2014,Designers/All Designers/Girl. By Band Of Outsiders/,1/2/1517/1898/2014,/designers/all-designers/girl-by-band-of-outsiders.html
2015,Designers/All Designers/Golden Goose/,1/2/1517/1898/2015,/designers/all-designers/golden-goose.html
2633,Designers/All Designers/Golden Goose/Shoes/,1/2/1517/1898/2015/2633,/designers/all-designers/golden-goose/shoes.html
2016,Designers/All Designers/Golden Lane/,1/2/1517/1898/2016,/designers/all-designers/golden-lane.html
2655,Designers/All Designers/Golden Lane/Handbags/,1/2/1517/1898/2016/2655,/designers/all-designers/golden-lane/handbags.html
2017,Designers/All Designers/Gorjana/,1/2/1517/1898/2017,/designers/all-designers/gorjana.html
2018,Designers/All Designers/Great By Sandie/,1/2/1517/1898/2018,/designers/all-designers/great-by-sandie.html
2660,Designers/All Designers/Great By Sandie/Handbags/,1/2/1517/1898/2018/2660,/designers/all-designers/great-by-sandie/handbags.html
2021,Designers/All Designers/Helmut Lang/,1/2/1517/1898/2021,/designers/all-designers/helmut-lang.html
2614,Designers/All Designers/Helmut Lang/Clothing/,1/2/1517/1898/2021/2614,/designers/all-designers/helmut-lang/clothing.html
2020,Designers/All Designers/Helmut/,1/2/1517/1898/2020,/designers/all-designers/helmut.html
2605,Designers/All Designers/Helmut/Clothing/,1/2/1517/1898/2020/2605,/designers/all-designers/helmut/clothing.html
2022,Designers/All Designers/Hirotaka/,1/2/1517/1898/2022,/designers/all-designers/hirotaka.html
2027,Designers/All Designers/Iacoli & Mcallister/,1/2/1517/1898/2027,/designers/all-designers/iacoli-and-mcallister.html
2028,Designers/All Designers/Illesteva/,1/2/1517/1898/2028,/designers/all-designers/illesteva.html
2029,Designers/All Designers/Inhabit/,1/2/1517/1898/2029,/designers/all-designers/inhabit.html
2026,Designers/All Designers/Iro/,1/2/1517/1898/2026,/designers/all-designers/iro.html
2585,Designers/All Designers/Iro/Clothing/,1/2/1517/1898/2026/2585,/designers/all-designers/iro/clothing.html
2031,Designers/All Designers/Isabel Marant/,1/2/1517/1898/2031,/designers/all-designers/isabel-marant.html
2638,Designers/All Designers/Isabel Marant/Shoes/,1/2/1517/1898/2031/2638,/designers/all-designers/isabel-marant/shoes.html
2032,Designers/All Designers/Iwona Ludyga/,1/2/1517/1898/2032,/designers/all-designers/iwona-ludyga.html
2033,Designers/All Designers/J Brand/,1/2/1517/1898/2033,/designers/all-designers/j-brand.html
2584,Designers/All Designers/J Brand/Clothing/,1/2/1517/1898/2033/2584,/designers/all-designers/j-brand/clothing.html
2037,Designers/All Designers/Jane Carr/,1/2/1517/1898/2037,/designers/all-designers/jane-carr.html
2040,Designers/All Designers/Jean Louis Blin/,1/2/1517/1898/2040,/designers/all-designers/jean-louis-blin.html
2041,Designers/All Designers/Jennifer Fisher/,1/2/1517/1898/2041,/designers/all-designers/jennifer-fisher.html
2042,Designers/All Designers/Jennifer Zeuner/,1/2/1517/1898/2042,/designers/all-designers/jennifer-zeuner.html
2043,Designers/All Designers/Jerome Dreyfuss/,1/2/1517/1898/2043,/designers/all-designers/jerome-dreyfuss.html
2650,Designers/All Designers/Jerome Dreyfuss/Handbags/,1/2/1517/1898/2043/2650,/designers/all-designers/jerome-dreyfuss/handbags.html
2045,Designers/All Designers/Jil Sander Navy/,1/2/1517/1898/2045,/designers/all-designers/jil-sander-navy.html
2630,Designers/All Designers/Jil Sander Navy/Shoes/,1/2/1517/1898/2045/2630,/designers/all-designers/jil-sander-navy/shoes.html
2046,Designers/All Designers/Jocelyn/,1/2/1517/1898/2046,/designers/all-designers/jocelyn.html
2621,Designers/All Designers/Jocelyn/Accessories/,1/2/1517/1898/2046/2621,/designers/all-designers/jocelyn/accessories.html
2048,Designers/All Designers/Joie A La Plage/,1/2/1517/1898/2048,/designers/all-designers/joie-a-la-plage.html
2631,Designers/All Designers/Joie A La Plage/Shoes/,1/2/1517/1898/2048/2631,/designers/all-designers/joie-a-la-plage/shoes.html
2047,Designers/All Designers/Joie/,1/2/1517/1898/2047,/designers/all-designers/joie.html
2049,Designers/All Designers/Joomi Lim/,1/2/1517/1898/2049,/designers/all-designers/joomi-lim.html
2053,Designers/All Designers/Kai/,1/2/1517/1898/2053,/designers/all-designers/kai.html
2052,Designers/All Designers/Kbl/,1/2/1517/1898/2052,/designers/all-designers/kbl.html
2056,Designers/All Designers/Kelly Wearstler/,1/2/1517/1898/2056,/designers/all-designers/kelly-wearstler.html
2058,Designers/All Designers/Kenzo/,1/2/1517/1898/2058,/designers/all-designers/kenzo.html
2063,Designers/All Designers/Lacausa/,1/2/1517/1898/2063,/designers/all-designers/lacausa.html
2060,Designers/All Designers/L'agence/,1/2/1517/1898/2060,/designers/all-designers/lagence.html
2596,Designers/All Designers/L'agence/Clothing/,1/2/1517/1898/2060/2596,/designers/all-designers/lagence/clothing.html
2061,Designers/All Designers/La't For L'agence/,1/2/1517/1898/2061,/designers/all-designers/lat-for-lagence.html
2597,Designers/All Designers/La't For L'agence/Clothing/,1/2/1517/1898/2061/2597,/designers/all-designers/lat-for-lagence/clothing.html
2066,Designers/All Designers/Lauren Merkin/,1/2/1517/1898/2066,/designers/all-designers/lauren-merkin.html
2657,Designers/All Designers/Lauren Merkin/Handbags/,1/2/1517/1898/2066/2657,/designers/all-designers/lauren-merkin/handbags.html
2068,Designers/All Designers/Leenoy/,1/2/1517/1898/2068,/designers/all-designers/leenoy.html
2070,Designers/All Designers/Leon & Harper/,1/2/1517/1898/2070,/designers/all-designers/leon-and-harper.html
2071,Designers/All Designers/Les Chiffoniers/,1/2/1517/1898/2071,/designers/all-designers/les-chiffoniers.html
2073,Designers/All Designers/Lionette Ny/,1/2/1517/1898/2073,/designers/all-designers/lionette-ny.html
2077,Designers/All Designers/Loeffler Randall/,1/2/1517/1898/2077,/designers/all-designers/loeffler-randall.html
2646,Designers/All Designers/Loeffler Randall/Handbags/,1/2/1517/1898/2077/2646,/designers/all-designers/loeffler-randall/handbags.html
2627,Designers/All Designers/Loeffler Randall/Shoes/,1/2/1517/1898/2077/2627,/designers/all-designers/loeffler-randall/shoes.html
2078,Designers/All Designers/Love Leather/,1/2/1517/1898/2078,/designers/all-designers/love-leather.html
2080,Designers/All Designers/Love Sam/,1/2/1517/1898/2080,/designers/all-designers/love-sam.html
2081,Designers/All Designers/Lyra Lovestar By Crystal Streets/,1/2/1517/1898/2081,/designers/all-designers/lyra-lovestar-by-crystal-streets.html
2086,Designers/All Designers/Mackage/,1/2/1517/1898/2086,/designers/all-designers/mackage.html
2611,Designers/All Designers/Mackage/Clothing/,1/2/1517/1898/2086/2611,/designers/all-designers/mackage/clothing.html
2088,Designers/All Designers/Mademoiselle Tara/,1/2/1517/1898/2088,/designers/all-designers/mademoiselle-tara.html
2594,Designers/All Designers/Mademoiselle Tara/Clothing/,1/2/1517/1898/2088/2594,/designers/all-designers/mademoiselle-tara/clothing.html
2091,Designers/All Designers/Maison Boinet/,1/2/1517/1898/2091,/designers/all-designers/maison-boinet.html
2092,Designers/All Designers/Maison Scotch/,1/2/1517/1898/2092,/designers/all-designers/maison-scotch.html
2587,Designers/All Designers/Maison Scotch/Clothing/,1/2/1517/1898/2092/2587,/designers/all-designers/maison-scotch/clothing.html
2093,Designers/All Designers/Mara Hoffman/,1/2/1517/1898/2093,/designers/all-designers/mara-hoffman.html
2095,Designers/All Designers/Maria Francesca Pepe/,1/2/1517/1898/2095,/designers/all-designers/maria-francesca-pepe.html
2097,Designers/All Designers/Marie-Laure Chamorel/,1/2/1517/1898/2097,/designers/all-designers/marie-laure-chamorel.html
2096,Designers/All Designers/Marie Turnor/,1/2/1517/1898/2096,/designers/all-designers/marie-turnor.html
2651,Designers/All Designers/Marie Turnor/Handbags/,1/2/1517/1898/2096/2651,/designers/all-designers/marie-turnor/handbags.html
2085,Designers/All Designers/Ma'ry'ra/,1/2/1517/1898/2085,/designers/all-designers/maryra.html
2099,Designers/All Designers/Mason/,1/2/1517/1898/2099,/designers/all-designers/mason.html
2604,Designers/All Designers/Mason/Clothing/,1/2/1517/1898/2099/2604,/designers/all-designers/mason/clothing.html
2100,Designers/All Designers/Masscob/,1/2/1517/1898/2100,/designers/all-designers/masscob.html
2101,Designers/All Designers/Mathias Chaize/,1/2/1517/1898/2101,/designers/all-designers/mathias-chaize.html
2102,Designers/All Designers/Mcq Alexander Mcqueen/,1/2/1517/1898/2102,/designers/all-designers/mcq-alexander-mcqueen.html
2642,Designers/All Designers/Mcq Alexander Mcqueen/Shoes/,1/2/1517/1898/2102/2642,/designers/all-designers/mcq-alexander-mcqueen/shoes.html
2103,Designers/All Designers/Meg Cohen/,1/2/1517/1898/2103,/designers/all-designers/meg-cohen.html
2622,Designers/All Designers/Meg Cohen/Accessories/,1/2/1517/1898/2103/2622,/designers/all-designers/meg-cohen/accessories.html
2104,Designers/All Designers/Melissa Joy Manning /,1/2/1517/1898/2104,/designers/all-designers/melissa-joy-manning-.html
2107,Designers/All Designers/Missoni/,1/2/1517/1898/2107,/designers/all-designers/missoni.html
2083,Designers/All Designers/Mm6/,1/2/1517/1898/2083,/designers/all-designers/mm6.html
2601,Designers/All Designers/Mm6/Clothing/,1/2/1517/1898/2083/2601,/designers/all-designers/mm6/clothing.html
2649,Designers/All Designers/Mm6/Handbags/,1/2/1517/1898/2083/2649,/designers/all-designers/mm6/handbags.html
2635,Designers/All Designers/Mm6/Shoes/,1/2/1517/1898/2083/2635,/designers/all-designers/mm6/shoes.html
2108,Designers/All Designers/Mociun/,1/2/1517/1898/2108,/designers/all-designers/mociun.html
2109,Designers/All Designers/Monserat De Lucca/,1/2/1517/1898/2109,/designers/all-designers/monserat-de-lucca.html
2110,Designers/All Designers/Monsieur Saint Germain/,1/2/1517/1898/2110,/designers/all-designers/monsieur-saint-germain.html
2111,Designers/All Designers/Morgan Carper/,1/2/1517/1898/2111,/designers/all-designers/morgan-carper.html
2112,Designers/All Designers/Mother/,1/2/1517/1898/2112,/designers/all-designers/mother.html
2084,Designers/All Designers/Msgm/,1/2/1517/1898/2084,/designers/all-designers/msgm.html
2615,Designers/All Designers/Msgm/Clothing/,1/2/1517/1898/2084/2615,/designers/all-designers/msgm/clothing.html
2113,Designers/All Designers/Muse Of Love/,1/2/1517/1898/2113,/designers/all-designers/muse-of-love.html
2114,Designers/All Designers/My Line/,1/2/1517/1898/2114,/designers/all-designers/my-line.html
2117,Designers/All Designers/Nicholas/,1/2/1517/1898/2117,/designers/all-designers/nicholas.html
2643,Designers/All Designers/Nicholas/Shoes/,1/2/1517/1898/2117/2643,/designers/all-designers/nicholas/shoes.html
2119,Designers/All Designers/Nikki B/,1/2/1517/1898/2119,/designers/all-designers/nikki-b.html
2115,Designers/All Designers/Nlst/,1/2/1517/1898/2115,/designers/all-designers/nlst.html
2116,Designers/All Designers/Nsf/,1/2/1517/1898/2116,/designers/all-designers/nsf.html
2588,Designers/All Designers/Nsf/Clothing/,1/2/1517/1898/2116/2588,/designers/all-designers/nsf/clothing.html
2121,Designers/All Designers/Odette/,1/2/1517/1898/2121,/designers/all-designers/odette.html
2124,Designers/All Designers/Opening Ceremony/,1/2/1517/1898/2124,/designers/all-designers/opening-ceremony.html
2127,Designers/All Designers/Organic/,1/2/1517/1898/2127,/designers/all-designers/organic.html
2128,Designers/All Designers/Otte New York/,1/2/1517/1898/2128,/designers/all-designers/otte-new-york.html
2578,Designers/All Designers/Otte New York/Clothing/,1/2/1517/1898/2128/2578,/designers/all-designers/otte-new-york/clothing.html
2130,Designers/All Designers/Pamela Love/,1/2/1517/1898/2130,/designers/all-designers/pamela-love.html
2131,Designers/All Designers/Parker/,1/2/1517/1898/2131,/designers/all-designers/parker.html
2602,Designers/All Designers/Parker/Clothing/,1/2/1517/1898/2131/2602,/designers/all-designers/parker/clothing.html
2132,Designers/All Designers/Pascale Monvoisin/,1/2/1517/1898/2132,/designers/all-designers/pascale-monvoisin.html
2136,Designers/All Designers/Peter Jensen/,1/2/1517/1898/2136,/designers/all-designers/peter-jensen.html
2138,Designers/All Designers/Phoenix Roze/,1/2/1517/1898/2138,/designers/all-designers/phoenix-roze.html
2140,Designers/All Designers/Pierre Balmain/,1/2/1517/1898/2140,/designers/all-designers/pierre-balmain.html
2141,Designers/All Designers/Piplette By Alice Ritter/,1/2/1517/1898/2141,/designers/all-designers/piplette-by-alice-ritter.html
2143,Designers/All Designers/Plush/,1/2/1517/1898/2143,/designers/all-designers/plush.html
2144,Designers/All Designers/Pologeorgis/,1/2/1517/1898/2144,/designers/all-designers/pologeorgis.html
2145,Designers/All Designers/Portolano/,1/2/1517/1898/2145,/designers/all-designers/portolano.html
2617,Designers/All Designers/Portolano/Accessories/,1/2/1517/1898/2145/2617,/designers/all-designers/portolano/accessories.html
2147,Designers/All Designers/Poupette/,1/2/1517/1898/2147,/designers/all-designers/poupette.html
2149,Designers/All Designers/R & R Surplus/,1/2/1517/1898/2149,/designers/all-designers/r-and-r-surplus.html
2150,Designers/All Designers/R13/,1/2/1517/1898/2150,/designers/all-designers/r13.html
2153,Designers/All Designers/Rachel Comey/,1/2/1517/1898/2153,/designers/all-designers/rachel-comey.html
2632,Designers/All Designers/Rachel Comey/Shoes/,1/2/1517/1898/2153/2632,/designers/all-designers/rachel-comey/shoes.html
2154,Designers/All Designers/Rag & Bone/,1/2/1517/1898/2154,/designers/all-designers/rag-and-bone.html
2618,Designers/All Designers/Rag & Bone/Accessories/,1/2/1517/1898/2154/2618,/designers/all-designers/rag-and-bone/accessories.html
2583,Designers/All Designers/Rag & Bone/Clothing/,1/2/1517/1898/2154/2583,/designers/all-designers/rag-and-bone/clothing.html
2636,Designers/All Designers/Rag & Bone/Shoes/,1/2/1517/1898/2154/2636,/designers/all-designers/rag-and-bone/shoes.html
2155,Designers/All Designers/Raquel Allegra/,1/2/1517/1898/2155,/designers/all-designers/raquel-allegra.html
2157,Designers/All Designers/Rebecca Taylor/,1/2/1517/1898/2157,/designers/all-designers/rebecca-taylor.html
2158,Designers/All Designers/Repetto/,1/2/1517/1898/2158,/designers/all-designers/repetto.html
2623,Designers/All Designers/Repetto/Shoes/,1/2/1517/1898/2158/2623,/designers/all-designers/repetto/shoes.html
2151,Designers/All Designers/Rgb/,1/2/1517/1898/2151,/designers/all-designers/rgb.html
2163,Designers/All Designers/Robert Clergerie/,1/2/1517/1898/2163,/designers/all-designers/robert-clergerie.html
2628,Designers/All Designers/Robert Clergerie/Shoes/,1/2/1517/1898/2163/2628,/designers/all-designers/robert-clergerie/shoes.html
2165,Designers/All Designers/Room Service/,1/2/1517/1898/2165,/designers/all-designers/room-service.html
2166,Designers/All Designers/Rosa Maria/,1/2/1517/1898/2166,/designers/all-designers/rosa-maria.html
2168,Designers/All Designers/Roseanna/,1/2/1517/1898/2168,/designers/all-designers/roseanna.html
2152,Designers/All Designers/Rvn/,1/2/1517/1898/2152,/designers/all-designers/rvn.html
2169,Designers/All Designers/Sabrina Zeng/,1/2/1517/1898/2169,/designers/all-designers/sabrina-zeng.html
2658,Designers/All Designers/Sabrina Zeng/Handbags/,1/2/1517/1898/2169/2658,/designers/all-designers/sabrina-zeng/handbags.html
2172,Designers/All Designers/Sea/,1/2/1517/1898/2172,/designers/all-designers/sea.html
2173,Designers/All Designers/See By Chloe/,1/2/1517/1898/2173,/designers/all-designers/see-by-chloe.html
2174,Designers/All Designers/Sessùn/,1/2/1517/1898/2174,/designers/all-designers/sessun.html
2613,Designers/All Designers/Sessùn/Clothing/,1/2/1517/1898/2174/2613,/designers/all-designers/sessun/clothing.html
2659,Designers/All Designers/Sessùn/Handbags/,1/2/1517/1898/2174/2659,/designers/all-designers/sessun/handbags.html
2175,Designers/All Designers/Shashi/,1/2/1517/1898/2175,/designers/all-designers/shashi.html
2176,Designers/All Designers/Sigerson Morrison/,1/2/1517/1898/2176,/designers/all-designers/sigerson-morrison.html
2625,Designers/All Designers/Sigerson Morrison/Shoes/,1/2/1517/1898/2176/2625,/designers/all-designers/sigerson-morrison/shoes.html
2178,Designers/All Designers/Sjobeck/,1/2/1517/1898/2178,/designers/all-designers/sjobeck.html
2179,Designers/All Designers/Skull Cashmere/,1/2/1517/1898/2179,/designers/all-designers/skull-cashmere.html
2181,Designers/All Designers/Smythe/,1/2/1517/1898/2181,/designers/all-designers/smythe.html
2182,Designers/All Designers/Sogoli/,1/2/1517/1898/2182,/designers/all-designers/sogoli.html
2184,Designers/All Designers/Splendid/,1/2/1517/1898/2184,/designers/all-designers/splendid.html
2185,Designers/All Designers/St. Kilda/,1/2/1517/1898/2185,/designers/all-designers/st-kilda.html
2186,Designers/All Designers/Steven Alan/,1/2/1517/1898/2186,/designers/all-designers/steven-alan.html
2187,Designers/All Designers/Stone Cold Fox/,1/2/1517/1898/2187,/designers/all-designers/stone-cold-fox.html
2189,Designers/All Designers/Sunahara/,1/2/1517/1898/2189,/designers/all-designers/sunahara.html
2190,Designers/All Designers/Sunday Somewhere/,1/2/1517/1898/2190,/designers/all-designers/sunday-somewhere.html
2191,Designers/All Designers/Suno/,1/2/1517/1898/2191,/designers/all-designers/suno.html
2194,Designers/All Designers/T By Alexander Wang/,1/2/1517/1898/2194,/designers/all-designers/t-by-alexander-wang.html
2599,Designers/All Designers/T By Alexander Wang/Clothing/,1/2/1517/1898/2194/2599,/designers/all-designers/t-by-alexander-wang/clothing.html
2196,Designers/All Designers/Tai Jewelry/,1/2/1517/1898/2196,/designers/all-designers/tai-jewelry.html
2197,Designers/All Designers/Tara Jarmon/,1/2/1517/1898/2197,/designers/all-designers/tara-jarmon.html
2616,Designers/All Designers/Tara Jarmon/Clothing/,1/2/1517/1898/2197/2616,/designers/all-designers/tara-jarmon/clothing.html
2201,Designers/All Designers/Textile By Elizabeth And James/,1/2/1517/1898/2201,/designers/all-designers/textile-by-elizabeth-and-james.html
2202,Designers/All Designers/Thakoon Addition/,1/2/1517/1898/2202,/designers/all-designers/thakoon-addition.html
2582,Designers/All Designers/Thakoon Addition/Clothing/,1/2/1517/1898/2202/2582,/designers/all-designers/thakoon-addition/clothing.html
2203,Designers/All Designers/The Battalion/,1/2/1517/1898/2203,/designers/all-designers/the-battalion.html
2204,Designers/All Designers/The Squad/,1/2/1517/1898/2204,/designers/all-designers/the-squad.html
2206,Designers/All Designers/Theory/,1/2/1517/1898/2206,/designers/all-designers/theory.html
2580,Designers/All Designers/Theory/Clothing/,1/2/1517/1898/2206/2580,/designers/all-designers/theory/clothing.html
2207,Designers/All Designers/Theyskens' Theory/,1/2/1517/1898/2207,/designers/all-designers/theyskens-theory.html
2586,Designers/All Designers/Theyskens' Theory/Clothing/,1/2/1517/1898/2207/2586,/designers/all-designers/theyskens-theory/clothing.html
2208,Designers/All Designers/Time's Arrow/,1/2/1517/1898/2208,/designers/all-designers/times-arrow.html
2656,Designers/All Designers/Time's Arrow/Handbags/,1/2/1517/1898/2208/2656,/designers/all-designers/times-arrow/handbags.html
2195,Designers/All Designers/Tkees/,1/2/1517/1898/2195,/designers/all-designers/tkees.html
2624,Designers/All Designers/Tkees/Shoes/,1/2/1517/1898/2195/2624,/designers/all-designers/tkees/shoes.html
2211,Designers/All Designers/Tsumori Chisato/,1/2/1517/1898/2211,/designers/all-designers/tsumori-chisato.html
2212,Designers/All Designers/Tsuyumi/,1/2/1517/1898/2212,/designers/all-designers/tsuyumi.html
2218,Designers/All Designers/Upstate/,1/2/1517/1898/2218,/designers/all-designers/upstate.html
2214,Designers/All Designers/Uzi/,1/2/1517/1898/2214,/designers/all-designers/uzi.html
2222,Designers/All Designers/Vanessa Bruno Athé/,1/2/1517/1898/2222,/designers/all-designers/vanessa-bruno-athe.html
2221,Designers/All Designers/Vanessa Bruno/,1/2/1517/1898/2221,/designers/all-designers/vanessa-bruno.html
2606,Designers/All Designers/Vanessa Bruno/Clothing/,1/2/1517/1898/2221/2606,/designers/all-designers/vanessa-bruno/clothing.html
2644,Designers/All Designers/Vanessa Bruno/Handbags/,1/2/1517/1898/2221/2644,/designers/all-designers/vanessa-bruno/handbags.html
2223,Designers/All Designers/Vanessa Mooney/,1/2/1517/1898/2223,/designers/all-designers/vanessa-mooney.html
2224,Designers/All Designers/Veda/,1/2/1517/1898/2224,/designers/all-designers/veda.html
2228,Designers/All Designers/Vince/,1/2/1517/1898/2228,/designers/all-designers/vince.html
2590,Designers/All Designers/Vince/Clothing/,1/2/1517/1898/2228/2590,/designers/all-designers/vince/clothing.html
2229,Designers/All Designers/Vita Fede/,1/2/1517/1898/2229,/designers/all-designers/vita-fede.html
2220,Designers/All Designers/Vpl X Otte/,1/2/1517/1898/2220,/designers/all-designers/vpl-x-otte.html
2219,Designers/All Designers/Vpl/,1/2/1517/1898/2219,/designers/all-designers/vpl.html
2231,Designers/All Designers/Westward Leaning/,1/2/1517/1898/2231,/designers/all-designers/westward-leaning.html
2232,Designers/All Designers/Whetherly/,1/2/1517/1898/2232,/designers/all-designers/whetherly.html
2233,Designers/All Designers/Wilt/,1/2/1517/1898/2233,/designers/all-designers/wilt.html
2234,Designers/All Designers/Woman By Common Projects/,1/2/1517/1898/2234,/designers/all-designers/woman-by-common-projects.html
2639,Designers/All Designers/Woman By Common Projects/Shoes/,1/2/1517/1898/2234/2639,/designers/all-designers/woman-by-common-projects/shoes.html
2235,Designers/All Designers/Woolrich/,1/2/1517/1898/2235,/designers/all-designers/woolrich.html
2607,Designers/All Designers/Woolrich/Clothing/,1/2/1517/1898/2235/2607,/designers/all-designers/woolrich/clothing.html
2230,Designers/All Designers/Wwake/,1/2/1517/1898/2230,/designers/all-designers/wwake.html
2238,Designers/All Designers/Yochi Design/,1/2/1517/1898/2238,/designers/all-designers/yochi-design.html
2240,Designers/All Designers/Yves Salomon/,1/2/1517/1898/2240,/designers/all-designers/yves-salomon.html
2612,Designers/All Designers/Yves Salomon/Clothing/,1/2/1517/1898/2240/2612,/designers/all-designers/yves-salomon/clothing.html
2241,Designers/All Designers/Zinga Cashmere/,1/2/1517/1898/2241,/designers/all-designers/zinga-cashmere.html
1602,New/,1/2/1602,/new.html
18,New/Accessories/,1/2/1602/18,/new/accessories.html
77,New/Best Sellers/,1/2/1602/77,/new/best-sellers.html
64,New/Clothing/,1/2/1602/64,/new/clothing.html
1896,New/Handbags/,1/2/1602/1896,/new/handbags.html
46,New/Jewelry/,1/2/1602/46,/new/jewelry.html
1863,New/Last Week/,1/2/1602/1863,/new/last-week.html
1864,New/New Designers/,1/2/1602/1864,/new/new-designers.html
1622,New/Shoes/,1/2/1602/1622,/new/shoes.html
19,New/Shop/Accessories/Belts/,1/2/1602/34/42/19,/new/shop/accessories/belts.html
22,New/Shop/Accessories/Eyewear/,1/2/1602/34/42/22,/new/shop/accessories/eyewear.html
24,New/Shop/Accessories/Hats/,1/2/1602/34/42/24,/new/shop/accessories/hats.html
21,New/Shop/Accessories/Scarves/,1/2/1602/34/42/21,/new/shop/accessories/scarves.html
23,New/Shop/Accessories/Wallets/,1/2/1602/34/42/23,/new/shop/accessories/wallets.html
39,New/Shop/Clothing/Bottoms/,1/2/1602/34/40/39,/new/shop/clothing/bottoms.html
38,New/Shop/Clothing/Dresses/,1/2/1602/34/40/38,/new/shop/clothing/dresses.html
37,New/Shop/Clothing/Jackets/,1/2/1602/34/40/37,/new/shop/clothing/jackets.html
5,New/Shop/Clothing/Pants/,1/2/1602/34/40/5,/new/shop/clothing/pants.html
6,New/Shop/Clothing/Skirts/,1/2/1602/34/40/6,/new/shop/clothing/skirts.html
36,New/Shop/Clothing/Sweaters/,1/2/1602/34/40/36,/new/shop/clothing/sweaters.html
35,New/Shop/Clothing/Tops/,1/2/1602/34/40/35,/new/shop/clothing/tops.html
26,New/Shop/Jewelry/,1/2/1602/34/26,/new/shop/jewelry.html
27,New/Shop/Jewelry/Bracelets/,1/2/1602/34/26/27,/new/shop/jewelry/bracelets.html
28,New/Shop/Jewelry/Earrings/,1/2/1602/34/26/28,/new/shop/jewelry/earrings.html
29,New/Shop/Jewelry/Necklaces/,1/2/1602/34/26/29,/new/shop/jewelry/necklaces.html
30,New/Shop/Jewelry/Rings/,1/2/1602/34/26/30,/new/shop/jewelry/rings.html
1862,New/This Week/,1/2/1602/1862,/new/this-week.html
72,Sale/,1/2/72,/sale.html
524,Sale/30%/,1/2/72/524,/sale/30percent.html
74,Sale/50%/,1/2/72/74,/sale/50percent.html
75,Sale/70%/,1/2/72/75,/sale/70percent.html
1883,Sale/Accessories/,1/2/72/1883,/sale/accessories.html
1879,Sale/Clothing/,1/2/72/1879,/sale/clothing.html
2243,Sale/Designers/,1/2/72/2243,/sale/designers.html
2245,Sale/Designers/10 Crosby Derek Lam/,1/2/72/2243/2245,/sale/designers/10-crosby-derek-lam.html
2246,Sale/Designers/12th Street By Cynthia Vincent/,1/2/72/2243/2246,/sale/designers/12th-street-by-cynthia-vincent.html
2248,Sale/Designers/360 Cashmere/,1/2/72/2243/2248,/sale/designers/360-cashmere.html
2249,Sale/Designers/360 Sweater/,1/2/72/2243/2249,/sale/designers/360-sweater.html
2250,Sale/Designers/3x1/,1/2/72/2243/2250,/sale/designers/3x1.html
2252,Sale/Designers/A Piece Apart/,1/2/72/2243/2252,/sale/designers/a-piece-apart.html
2254,Sale/Designers/Ab A Brand Apart/,1/2/72/2243/2254,/sale/designers/ab-a-brand-apart.html
2257,Sale/Designers/Acne Studios/,1/2/72/2243/2257,/sale/designers/acne-studios.html
2253,Sale/Designers/A.L.C/,1/2/72/2243/2253,/sale/designers/alc.html
2258,Sale/Designers/Alexander Wang/,1/2/72/2243/2258,/sale/designers/alexander-wang.html
2259,Sale/Designers/Alexia/,1/2/72/2243/2259,/sale/designers/alexia.html
2260,Sale/Designers/Alexis Bittar/,1/2/72/2243/2260,/sale/designers/alexis-bittar.html
2261,Sale/Designers/American Colors/,1/2/72/2243/2261,/sale/designers/american-colors.html
2262,Sale/Designers/Ancient Greek Sandals/,1/2/72/2243/2262,/sale/designers/ancient-greek-sandals.html
2266,Sale/Designers/Arielle De Pinto/,1/2/72/2243/2266,/sale/designers/arielle-de-pinto.html
2269,Sale/Designers/Attic And Barn/,1/2/72/2243/2269,/sale/designers/attic-and-barn.html
2270,Sale/Designers/Autumn Cashmere/,1/2/72/2243/2270,/sale/designers/autumn-cashmere.html
2273,Sale/Designers/Bella Jones/,1/2/72/2243/2273,/sale/designers/bella-jones.html
2274,Sale/Designers/Belle By Sigerson Morrison/,1/2/72/2243/2274,/sale/designers/belle-by-sigerson-morrison.html
2271,Sale/Designers/Blk Opm/,1/2/72/2243/2271,/sale/designers/blk-opm.html
2279,Sale/Designers/Bluma Project/,1/2/72/2243/2279,/sale/designers/bluma-project.html
2282,Sale/Designers/Cacharel/,1/2/72/2243/2282,/sale/designers/cacharel.html
2284,Sale/Designers/Canada Goose/,1/2/72/2243/2284,/sale/designers/canada-goose.html
2285,Sale/Designers/Carven/,1/2/72/2243/2285,/sale/designers/carven.html
2288,Sale/Designers/Cats Tsumori Chisato/,1/2/72/2243/2288,/sale/designers/cats-tsumori-chisato.html
2289,Sale/Designers/Chan Luu/,1/2/72/2243/2289,/sale/designers/chan-luu.html
2292,Sale/Designers/Chinti And Parker/,1/2/72/2243/2292,/sale/designers/chinti-and-parker.html
2295,Sale/Designers/Citizens Of Humanity/,1/2/72/2243/2295,/sale/designers/citizens-of-humanity.html
2296,Sale/Designers/Clare V./,1/2/72/2243/2296,/sale/designers/clare-v.html
2297,Sale/Designers/Clover Canyon/,1/2/72/2243/2297,/sale/designers/clover-canyon.html
2302,Sale/Designers/Cooper & Ella/,1/2/72/2243/2302,/sale/designers/cooper-and-ella.html
2304,Sale/Designers/Cotton Citizen/,1/2/72/2243/2304,/sale/designers/cotton-citizen.html
2306,Sale/Designers/Crezus/,1/2/72/2243/2306,/sale/designers/crezus.html
2307,Sale/Designers/Current/Elliott/,1/2/72/2243/2307,/sale/designers/current/elliott.html
2311,Sale/Designers/Dannijo/,1/2/72/2243/2311,/sale/designers/dannijo.html
2315,Sale/Designers/Deepa Gurnani/,1/2/72/2243/2315,/sale/designers/deepa-gurnani.html
2317,Sale/Designers/Demy Lee/,1/2/72/2243/2317,/sale/designers/demy-lee.html
2322,Sale/Designers/Elizabeth And James/,1/2/72/2243/2322,/sale/designers/elizabeth-and-james.html
2325,Sale/Designers/Enza Costa/,1/2/72/2243/2325,/sale/designers/enza-costa.html
2327,Sale/Designers/Equipment /,1/2/72/2243/2327,/sale/designers/equipment-.html
2329,Sale/Designers/Étoile Isabel Marant /,1/2/72/2243/2329,/sale/designers/etoile-isabel-marant-.html
2330,Sale/Designers/Etten Eller/,1/2/72/2243/2330,/sale/designers/etten-eller.html
2331,Sale/Designers/Exquisite J/,1/2/72/2243/2331,/sale/designers/exquisite-j.html
2333,Sale/Designers/Falconiere/,1/2/72/2243/2333,/sale/designers/falconiere.html
2334,Sale/Designers/Faliero Sarti/,1/2/72/2243/2334,/sale/designers/faliero-sarti.html
2335,Sale/Designers/Fallon/,1/2/72/2243/2335,/sale/designers/fallon.html
2338,Sale/Designers/Fine Collection/,1/2/72/2243/2338,/sale/designers/fine-collection.html
2332,Sale/Designers/Fst/,1/2/72/2243/2332,/sale/designers/fst.html
2343,Sale/Designers/G1/,1/2/72/2243/2343,/sale/designers/g1.html
2347,Sale/Designers/Giada Forte/,1/2/72/2243/2347,/sale/designers/giada-forte.html
2350,Sale/Designers/Girl. By Band Of Outsiders/,1/2/72/2243/2350,/sale/designers/girl-by-band-of-outsiders.html
2351,Sale/Designers/Golden Goose/,1/2/72/2243/2351,/sale/designers/golden-goose.html
2352,Sale/Designers/Golden Lane/,1/2/72/2243/2352,/sale/designers/golden-lane.html
2354,Sale/Designers/Great By Sandie/,1/2/72/2243/2354,/sale/designers/great-by-sandie.html
2357,Sale/Designers/Helmut Lang/,1/2/72/2243/2357,/sale/designers/helmut-lang.html
2356,Sale/Designers/Helmut/,1/2/72/2243/2356,/sale/designers/helmut.html
2365,Sale/Designers/Inhabit/,1/2/72/2243/2365,/sale/designers/inhabit.html
2362,Sale/Designers/Iro/,1/2/72/2243/2362,/sale/designers/iro.html
2367,Sale/Designers/Isabel Marant/,1/2/72/2243/2367,/sale/designers/isabel-marant.html
2369,Sale/Designers/J Brand/,1/2/72/2243/2369,/sale/designers/j-brand.html
2376,Sale/Designers/Jean Louis Blin/,1/2/72/2243/2376,/sale/designers/jean-louis-blin.html
2381,Sale/Designers/Jil Sander Navy/,1/2/72/2243/2381,/sale/designers/jil-sander-navy.html
2383,Sale/Designers/Joie/,1/2/72/2243/2383,/sale/designers/joie.html
2385,Sale/Designers/Joomi Lim/,1/2/72/2243/2385,/sale/designers/joomi-lim.html
2388,Sale/Designers/Kbl/,1/2/72/2243/2388,/sale/designers/kbl.html
2392,Sale/Designers/Kelly Wearstler/,1/2/72/2243/2392,/sale/designers/kelly-wearstler.html
2394,Sale/Designers/Kenzo/,1/2/72/2243/2394,/sale/designers/kenzo.html
2396,Sale/Designers/L'agence/,1/2/72/2243/2396,/sale/designers/lagence.html
2402,Sale/Designers/Lauren Merkin/,1/2/72/2243/2402,/sale/designers/lauren-merkin.html
2404,Sale/Designers/Leenoy/,1/2/72/2243/2404,/sale/designers/leenoy.html
2406,Sale/Designers/Leon & Harper/,1/2/72/2243/2406,/sale/designers/leon-and-harper.html
2413,Sale/Designers/Loeffler Randall/,1/2/72/2243/2413,/sale/designers/loeffler-randall.html
2417,Sale/Designers/Lyra Lovestar By Crystal Streets/,1/2/72/2243/2417,/sale/designers/lyra-lovestar-by-crystal-streets.html
2422,Sale/Designers/Mackage/,1/2/72/2243/2422,/sale/designers/mackage.html
2424,Sale/Designers/Mademoiselle Tara/,1/2/72/2243/2424,/sale/designers/mademoiselle-tara.html
2427,Sale/Designers/Maison Boinet/,1/2/72/2243/2427,/sale/designers/maison-boinet.html
2428,Sale/Designers/Maison Scotch/,1/2/72/2243/2428,/sale/designers/maison-scotch.html
2431,Sale/Designers/Maria Francesca Pepe/,1/2/72/2243/2431,/sale/designers/maria-francesca-pepe.html
2435,Sale/Designers/Mason/,1/2/72/2243/2435,/sale/designers/mason.html
2437,Sale/Designers/Mathias Chaize/,1/2/72/2243/2437,/sale/designers/mathias-chaize.html
2438,Sale/Designers/Mcq Alexander Mcqueen/,1/2/72/2243/2438,/sale/designers/mcq-alexander-mcqueen.html
2439,Sale/Designers/Meg Cohen/,1/2/72/2243/2439,/sale/designers/meg-cohen.html
2419,Sale/Designers/Mm6/,1/2/72/2243/2419,/sale/designers/mm6.html
2447,Sale/Designers/Morgan Carper/,1/2/72/2243/2447,/sale/designers/morgan-carper.html
2448,Sale/Designers/Mother/,1/2/72/2243/2448,/sale/designers/mother.html
2420,Sale/Designers/Msgm/,1/2/72/2243/2420,/sale/designers/msgm.html
2449,Sale/Designers/Muse Of Love/,1/2/72/2243/2449,/sale/designers/muse-of-love.html
2450,Sale/Designers/My Line/,1/2/72/2243/2450,/sale/designers/my-line.html
2453,Sale/Designers/Nicholas/,1/2/72/2243/2453,/sale/designers/nicholas.html
2452,Sale/Designers/Nsf/,1/2/72/2243/2452,/sale/designers/nsf.html
2460,Sale/Designers/Opening Ceremony/,1/2/72/2243/2460,/sale/designers/opening-ceremony.html
2463,Sale/Designers/Organic/,1/2/72/2243/2463,/sale/designers/organic.html
2464,Sale/Designers/Otte New York/,1/2/72/2243/2464,/sale/designers/otte-new-york.html
2466,Sale/Designers/Pamela Love/,1/2/72/2243/2466,/sale/designers/pamela-love.html
2467,Sale/Designers/Parker/,1/2/72/2243/2467,/sale/designers/parker.html
2472,Sale/Designers/Peter Jensen/,1/2/72/2243/2472,/sale/designers/peter-jensen.html
2476,Sale/Designers/Pierre Balmain/,1/2/72/2243/2476,/sale/designers/pierre-balmain.html
2481,Sale/Designers/Portolano/,1/2/72/2243/2481,/sale/designers/portolano.html
2485,Sale/Designers/R & R Surplus/,1/2/72/2243/2485,/sale/designers/r-and-r-surplus.html
2486,Sale/Designers/R13/,1/2/72/2243/2486,/sale/designers/r13.html
2489,Sale/Designers/Rachel Comey/,1/2/72/2243/2489,/sale/designers/rachel-comey.html
2490,Sale/Designers/Rag & Bone/,1/2/72/2243/2490,/sale/designers/rag-and-bone.html
2494,Sale/Designers/Repetto/,1/2/72/2243/2494,/sale/designers/repetto.html
2499,Sale/Designers/Robert Clergerie/,1/2/72/2243/2499,/sale/designers/robert-clergerie.html
2504,Sale/Designers/Roseanna/,1/2/72/2243/2504,/sale/designers/roseanna.html
2488,Sale/Designers/Rvn/,1/2/72/2243/2488,/sale/designers/rvn.html
2509,Sale/Designers/See By Chloe/,1/2/72/2243/2509,/sale/designers/see-by-chloe.html
2510,Sale/Designers/Sessùn/,1/2/72/2243/2510,/sale/designers/sessun.html
2512,Sale/Designers/Sigerson Morrison/,1/2/72/2243/2512,/sale/designers/sigerson-morrison.html
2517,Sale/Designers/Smythe/,1/2/72/2243/2517,/sale/designers/smythe.html
2520,Sale/Designers/Splendid/,1/2/72/2243/2520,/sale/designers/splendid.html
2522,Sale/Designers/Steven Alan/,1/2/72/2243/2522,/sale/designers/steven-alan.html
2527,Sale/Designers/Suno/,1/2/72/2243/2527,/sale/designers/suno.html
2530,Sale/Designers/T By Alexander Wang/,1/2/72/2243/2530,/sale/designers/t-by-alexander-wang.html
2538,Sale/Designers/Thakoon Addition/,1/2/72/2243/2538,/sale/designers/thakoon-addition.html
2542,Sale/Designers/Theory/,1/2/72/2243/2542,/sale/designers/theory.html
2543,Sale/Designers/Theyskens' Theory/,1/2/72/2243/2543,/sale/designers/theyskens-theory.html
2544,Sale/Designers/Time's Arrow/,1/2/72/2243/2544,/sale/designers/times-arrow.html
2531,Sale/Designers/Tkees/,1/2/72/2243/2531,/sale/designers/tkees.html
2547,Sale/Designers/Tsumori Chisato/,1/2/72/2243/2547,/sale/designers/tsumori-chisato.html
2548,Sale/Designers/Tsuyumi/,1/2/72/2243/2548,/sale/designers/tsuyumi.html
2550,Sale/Designers/Uzi/,1/2/72/2243/2550,/sale/designers/uzi.html
2558,Sale/Designers/Vanessa Bruno Athé/,1/2/72/2243/2558,/sale/designers/vanessa-bruno-athe.html
2557,Sale/Designers/Vanessa Bruno/,1/2/72/2243/2557,/sale/designers/vanessa-bruno.html
2559,Sale/Designers/Vanessa Mooney/,1/2/72/2243/2559,/sale/designers/vanessa-mooney.html
2564,Sale/Designers/Vince/,1/2/72/2243/2564,/sale/designers/vince.html
2556,Sale/Designers/Vpl X Otte/,1/2/72/2243/2556,/sale/designers/vpl-x-otte.html
2555,Sale/Designers/Vpl/,1/2/72/2243/2555,/sale/designers/vpl.html
2569,Sale/Designers/Wilt/,1/2/72/2243/2569,/sale/designers/wilt.html
2570,Sale/Designers/Woman By Common Projects/,1/2/72/2243/2570,/sale/designers/woman-by-common-projects.html
2574,Sale/Designers/Yochi Design/,1/2/72/2243/2574,/sale/designers/yochi-design.html
2576,Sale/Designers/Yves Salomon/,1/2/72/2243/2576,/sale/designers/yves-salomon.html
2577,Sale/Designers/Zinga Cashmere/,1/2/72/2243/2577,/sale/designers/zinga-cashmere.html
1880,Sale/Handbags/,1/2/72/1880,/sale/handbags.html
1882,Sale/Jewelry/,1/2/72/1882,/sale/jewelry.html
1878,Sale/New To Sale/,1/2/72/1878,/sale/new-to-sale.html
1881,Sale/Shoes/,1/2/72/1881,/sale/shoes.html
1587,Seasonal Category/,1/2/1587,/seasonal-category.html
1815,Seasonal Category/Featured Picks/,1/2/1587/1815,/seasonal-category/featured-picks.html
1817,Seasonal Category/Featured Picks/All That Shines/,1/2/1587/1815/1817,/seasonal-category/featured-picks/all-that-shines.html
1818,Seasonal Category/Featured Picks/Cold Weather Essentials/,1/2/1587/1815/1818,/seasonal-category/featured-picks/cold-weather-essentials.html
1816,Seasonal Category/Featured Picks/Dainty Fine Jewelry/,1/2/1587/1815/1816,/seasonal-category/featured-picks/dainty-fine-jewelry.html
1819,Seasonal Category/Featured Picks/Into The Wild/,1/2/1587/1815/1819,/seasonal-category/featured-picks/into-the-wild.html
1820,Seasonal Category/Featured Picks/Made In The Usa/,1/2/1587/1815/1820,/seasonal-category/featured-picks/made-in-the-usa.html
1860,Seasonal Category/Gifts By Price/,1/2/1587/1860,/seasonal-category/gifts-by-price.html
1588,Seasonal Category/Gifts By Price/Under $200/,1/2/1587/1860/1588,/seasonal-category/gifts-by-price/under-200.html
1861,Seasonal Category/Gifts By Price/Under $50/,1/2/1587/1860/1861,/seasonal-category/gifts-by-price/under-50.html
1589,Seasonal Category/Gifts By Price/Under $500/,1/2/1587/1860/1589,/seasonal-category/gifts-by-price/under-500.html
1631,Seasonal Category/Last Minutes Gifts/,1/2/1587/1631,/seasonal-category/last-minutes-gifts.html
1858,Seasonal Category/Last Minutes Gifts/For The Leather Lover/,1/2/1587/1631/1858,/seasonal-category/last-minutes-gifts/for-the-leather-lover.html
1772,Seasonal Category/Last Minutes Gifts/Gift Cards/,1/2/1587/1631/1772,/seasonal-category/last-minutes-gifts/gift-cards.html
1857,Seasonal Category/Last Minutes Gifts/Help Them Stay Organized/,1/2/1587/1631/1857,/seasonal-category/last-minutes-gifts/help-them-stay-organized.html
1856,Seasonal Category/Last Minutes Gifts/Small Luxuries/,1/2/1587/1631/1856,/seasonal-category/last-minutes-gifts/small-luxuries.html
1859,Seasonal Category/Last Minutes Gifts/To Keep.../,1/2/1587/1631/1859,/seasonal-category/last-minutes-gifts/to-keep.html
34,Shop/,1/2/34,/shop.html
42,Shop/Accessories/,1/2/34/42,/shop/accessories.html
544,Shop/Accessories/Beauty/,1/2/34/42/544,/shop/accessories/beauty.html
1874,Shop/Accessories/Gift Ideas/,1/2/34/42/1874,/shop/accessories/gift-ideas.html
542,Shop/Accessories/Gloves/,1/2/34/42/542,/shop/accessories/gloves.html
1873,Shop/Accessories/Home/,1/2/34/42/1873,/shop/accessories/home.html
120,Shop/Accessories/Legwear/,1/2/34/42/120,/shop/accessories/legwear.html
40,Shop/Clothing/,1/2/34/40,/shop/clothing.html
51,Shop/Clothing/Coats/,1/2/34/40/51,/shop/clothing/coats.html
1869,Shop/Clothing/Intimates/,1/2/34/40/1869,/shop/clothing/intimates.html
49,Shop/Clothing/Jumpsuits/,1/2/34/40/49,/shop/clothing/jumpsuits.html
1603,Shop/Clothing/Shorts/,1/2/34/40/1603,/shop/clothing/shorts.html
95,Shop/Handbags/,1/2/34/95,/shop/handbags.html
1617,Shop/Handbags/Clutches/,1/2/34/95/1617,/shop/handbags/clutches.html
1623,Shop/Handbags/Shoulder Bags/,1/2/34/95/1623,/shop/handbags/shoulder-bags.html
1616,Shop/Handbags/Totes/,1/2/34/95/1616,/shop/handbags/totes.html
1870,Shop/Handbags/Wallets/,1/2/34/95/1870,/shop/handbags/wallets.html
1875,Shop/Lookbooks/,1/2/34/1875,/shop/lookbooks.html
1877,Shop/Lookbooks/2014/,1/2/34/1875/1877,/shop/lookbooks/2014.html
1876,Shop/Lookbooks/Otte Signature Spring/,1/2/34/1875/1876,/shop/lookbooks/otte-signature-spring.html
43,Shop/Shoes/,1/2/34/43,/shop/shoes.html
1625,Shop/Shoes/Boots/,1/2/34/43/1625,/shop/shoes/boots.html
1624,Shop/Shoes/Flats/,1/2/34/43/1624,/shop/shoes/flats.html
1626,Shop/Shoes/Heels/,1/2/34/43/1626,/shop/shoes/heels.html
1692,Shop/Shoes/Sandals/,1/2/34/43/1692,/shop/shoes/sandals.html
949,Shop/Style Digest/,1/2/34/949,/shop/style-digest.html
1846,Shop/Style Digest/Buyer's Picks For Paris/,1/2/34/949/1846,/shop/style-digest/buyers-picks-for-paris.html
1865,Shop/Style Digest/Style Digest 1/,1/2/34/949/1865,/shop/style-digest/style-digest-1.html
1866,Shop/Style Digest/Style Digest 2/,1/2/34/949/1866,/shop/style-digest/style-digest-2.html
1884,Studio/,1/2/1884,/studio.html
1888,Studio/Lookbooks/,1/2/1884/1888,/studio/lookbooks.html
1890,Studio/Lookbooks/2014/,1/2/1884/1888/1890,/studio/lookbooks/2014.html
1889,Studio/Lookbooks/Otte Signature Spring/,1/2/1884/1888/1889,/studio/lookbooks/otte-signature-spring.html
1885,Studio/Style Digest /,1/2/1884/1885,/studio/style-digest-.html
1886,Studio/Style Digest /Style Digest 1/,1/2/1884/1885/1886,/studio/style-digest-/style-digest-1.html
1887,Studio/Style Digest /Style Digest 2/,1/2/1884/1885/1887,/studio/style-digest-/style-digest-2.html
1891,Studio/Tastemakers/,1/2/1884/1891,/studio/tastemakers.html
1892,Studio/Tastemakers/Tastemakers 1/,1/2/1884/1891/1892,/studio/tastemakers/tastemakers-1.html
1893,Studio/Tastemakers/Tastemakers 2/,1/2/1884/1891/1893,/studio/tastemakers/tastemakers-2.html
1894,Studio/Tastemakers/Tastemakers 3/,1/2/1884/1891/1894,/studio/tastemakers/tastemakers-3.html
1895,Studio/Tastemakers/Tastemakers 4/,1/2/1884/1891/1895,/studio/tastemakers/tastemakers-4.html
1047,Style Digest/Shop Style Digest/,1/2/949/1047,/style-digest/shop-style-digest.html
1020,Style Digest/Shop Style Digest/Anchors Away/,1/2/949/1047/1020,/style-digest/shop-style-digest/anchors-away.html
1513,Style Digest/Shop Style Digest/Beet Salad/,1/2/949/1047/1513,/style-digest/shop-style-digest/beet-salad.html
1516,Style Digest/Shop Style Digest/Bohemian Rhapsody/,1/2/949/1047/1516,/style-digest/shop-style-digest/bohemian-rhapsody.html
1515,Style Digest/Shop Style Digest/Cat Power/,1/2/949/1047/1515,/style-digest/shop-style-digest/cat-power.html
1527,Style Digest/Shop Style Digest/Chroma Key/,1/2/949/1047/1527,/style-digest/shop-style-digest/chroma-key.html
1543,Style Digest/Shop Style Digest/Colored Denim/,1/2/949/1047/1543,/style-digest/shop-style-digest/colored-denim.html
1495,Style Digest/Shop Style Digest/Cosmic Latte/,1/2/949/1047/1495,/style-digest/shop-style-digest/cosmic-latte.html
1019,Style Digest/Shop Style Digest/Country Strong/,1/2/949/1047/1019,/style-digest/shop-style-digest/country-strong.html
1028,Style Digest/Shop Style Digest/Cut it Out/,1/2/949/1047/1028,/style-digest/shop-style-digest/cut-it-out.html
1025,Style Digest/Shop Style Digest/En Pointe/,1/2/949/1047/1025,/style-digest/shop-style-digest/en-pointe.html
1055,Style Digest/Shop Style Digest/Eyelet/,1/2/949/1047/1055,/style-digest/shop-style-digest/eyelet.html
1540,Style Digest/Shop Style Digest/Fashion's Night Out/,1/2/949/1047/1540,/style-digest/shop-style-digest/fashions-night-out.html
1530,Style Digest/Shop Style Digest/Lego my Eggo/,1/2/949/1047/1530,/style-digest/shop-style-digest/lego-my-eggo.html
1030,Style Digest/Shop Style Digest/Master Clash/,1/2/949/1047/1030,/style-digest/shop-style-digest/master-clash.html
1504,Style Digest/Shop Style Digest/Mojave Mirage/,1/2/949/1047/1504,/style-digest/shop-style-digest/mojave-mirage.html
1496,Style Digest/Shop Style Digest/Oh Canada!/,1/2/949/1047/1496,/style-digest/shop-style-digest/oh-canada!.html
1559,Style Digest/Shop Style Digest/Outdoorsy/,1/2/949/1047/1559,/style-digest/shop-style-digest/outdoorsy.html
1017,Style Digest/Shop Style Digest/Polygon Window/,1/2/949/1047/1017,/style-digest/shop-style-digest/polygon-window.html
1551,Style Digest/Shop Style Digest/Rain Boots/,1/2/949/1047/1551,/style-digest/shop-style-digest/rain-boots.html
1128,Style Digest/Shop Style Digest/Rust Must/,1/2/949/1047/1128,/style-digest/shop-style-digest/rust-must.html
1542,Style Digest/Shop Style Digest/S/S 2012 Trends/,1/2/949/1047/1542,/style-digest/shop-style-digest/s/s-2012-trends.html
1571,Style Digest/Shop Style Digest/Sheer Vs. Shearling/,1/2/949/1047/1571,/style-digest/shop-style-digest/sheer-vs-shearling.html
1528,Style Digest/Shop Style Digest/Tea Cozy/,1/2/949/1047/1528,/style-digest/shop-style-digest/tea-cozy.html
1037,Style Digest/Shop Style Digest/The Brite Side/,1/2/949/1047/1037,/style-digest/shop-style-digest/the-brite-side.html
1021,Style Digest/Shop Style Digest/True Colors/,1/2/949/1047/1021,/style-digest/shop-style-digest/true-colors.html
1054,Style Digest/Shop Style Digest/Working Girl/,1/2/949/1047/1054,/style-digest/shop-style-digest/working-girl.html
